tax_id,name,common_name,tax_level,species_taxid,genus_taxid,genus_name,family_taxid,category_name,is_phage,NT_r,NT_rpm,NT_zscore,NT_percentidentity,NT_alignmentlength,NT_neglogevalue,aggregatescore,NT_r_pct,NT_rpm_bg,NT_maxzscore,NR_r,NR_rpm,NR_zscore,NR_percentidentity,NR_alignmentlength,NR_neglogevalue,NR_r_pct,NR_rpm_bg,NR_maxzscore
12059,Enterovirus,"",2,-100,12059,,12058,Viruses,0,49096,288800.0,100.0,91.3091,3971.87,265.1069031,8945176460.0,34.14091,0.0,100.0,126833,746076.47,100.0,53.7251,1191.99,169.008728,88.19852,0.0,100.0
463676,Rhinovirus C,"",1,463676,12059,,12058,Viruses,0,48604,285905.882,100.0,91.3246,4011.12,267.4035034,8945176460.0,33.79878,0.0,100.0,103464,608611.764,100.0,53.2317,1190.16,153.6335144,71.94793,0.0,100.0
47681,Enterovirus sp.,"",1,47681,12059,,12058,Viruses,0,480,2823.529,100.0,89.7719,94.2812,38.0397263,1402882339.9999998,0.33379,0.0,100.0,23369,137464.705,100.0,55.9097,1200.07,237.0809937,16.25059,0.0,100.0
169066,Human rhinovirus sp.,"",1,169066,12059,,12058,Viruses,0,11,64.705,100.0,89.8818,112.909,48.963356,647050.0,0.00765,0.0,100.0,0,0,-100,0.0,0.0,0.0,,,100.0
138950,Enterovirus C,"",1,138950,12059,,12058,Viruses,0,1,5.882,100.0,92.5,40.0,11.3467875,58820.0,0.0007,0.0,100.0,0,0,-100,0.0,0.0,0.0,,,100.0
686982,Sapelovirus,"",2,-100,686982,,12058,Viruses,0,0,0,-100,0.0,0.0,0.0,498705880.00000006,,,100.0,8478,49870.588,100.0,24.638,69.0,-0.30103,5.89552,0.0,100.0
686984,Sapelovirus A,"",1,686984,686982,,12058,Viruses,0,0,0,-100,0.0,0.0,0.0,498705880.00000006,,,100.0,8478,49870.588,100.0,24.638,69.0,-0.30103,5.89552,0.0,100.0
